{
  "functions": {
    "api/**/*.php": {
      "runtime": "vercel-php@0.7.4"
    }
  },
  "routes": [
    { "src": "/assets/(.*)", "dest": "/assets/$1" },
    { "src": "/uploads/(.*)", "dest": "/uploads/$1" },
    { "src": "/api/(.*)", "dest": "/api/$1" },
    { "src": "/(.*)", "dest": "/api/index.php" }
  ],
  "env": {
    "VERCEL": "1",
    "BLOB_READ_WRITE_TOKEN": "vercel_blob_rw_PXHNBjjgr6iCU3vK_7XZhMTBIn4HLNtIwjDnHZOWuyjgWAl"
  },
  "build": {
    "env": {
      "COMPOSER_IGNORE_PLATFORM_REQS": "1"
    }
  },
  "headers": [
    {
      "source": "/controllers/download_surat.php",
      "headers": [
        {
          "key": "Cache-Control",
          "value": "no-cache, no-store, must-revalidate"
        },
        {
          "key": "Pragma",
          "value": "no-cache"
        },
        {
          "key": "Expires",
          "value": "0"
        }
      ]
    }
  ]
}
